Date,Open,High,Low,Close,Return,Volatility
2021-10-01,,,,1000.0,,
2021-10-04,,,,1012.33,0.012329999999999952,
2021-10-05,,,,1005.27,-0.006974010451137547,
2021-10-06,,,,1000.5,-0.004744993882240589,
2021-10-07,,,,1012.08,0.011574212893553204,
2021-10-08,,,,1040.69,0.028268516322820236,
2021-10-11,,,,1054.07,0.012856854586860589,
2021-10-12,,,,1051.92,-0.00203971273255088,
2021-10-13,,,,1086.35,0.03273062590311038,
2021-10-14,,,,1090.38,0.003709669995857867,
2021-10-18,,,,1077.07,-0.01220675360883372,
2021-10-19,,,,1050.55,-0.024622355092983716,
2021-10-20,,,,1027.55,-0.021893293988862972,
2021-10-21,,,,1012.75,-0.0144031920587806,
2021-10-22,,,,975.69,-0.03659343372006907,
2021-10-25,,,,929.07,-0.04778156996587035,
2021-10-26,,,,945.01,0.017156941888124555,
2021-10-27,,,,946.93,0.0020317245320153887,
2021-10-28,,,,920.84,-0.027552194988013867,
2021-10-29,,,,916.04,-0.005212631944746193,
2021-11-01,,,,924.95,0.009726649491288653,
2021-11-02,,,,922.93,-0.0021839018325315873,
2021-11-03,,,,916.48,-0.00698861235413295,
2021-11-04,,,,930.83,0.015657733938547524,
2021-11-08,,,,929.38,-0.0015577495353609194,
2021-11-09,,,,935.15,0.006208440035292417,
2021-11-10,,,,939.09,0.004213227824413357,
2021-11-11,,,,930.31,-0.009349476620984287,
2021-11-12,,,,947.05,0.017994001999333653,
2021-11-15,,,,942.32,-0.004994456470091224,
2021-11-16,,,,952.69,0.01100475422361824,
2021-11-17,,,,949.91,-0.002918053091771844,
2021-11-18,,,,936.56,-0.014053963007021775,
2021-11-22,,,,905.73,-0.03291833945502687,
2021-11-23,,,,906.34,0.0006734898921312293,
2021-11-24,,,,906.65,0.00034203499790352865,
2021-11-25,,,,909.94,0.0036287431754260524,
2021-11-26,,,,890.47,-0.02139701518781456,
2021-11-29,,,,875.87,-0.01639583590688065,
2021-11-30,,,,872.14,-0.004258622854989902,
2021-12-01,,,,886.0,0.015891943953952437,
2021-12-02,,,,892.19,0.006986455981941475,
2021-12-03,,,,892.25,6.725024938636359e-05,
2021-12-06,,,,870.0,-0.02493695713084898,
2021-12-07,,,,885.54,0.01786206896551712,
2021-12-08,,,,902.51,0.019163448291438012,
2021-12-09,,,,914.95,0.01378378078913256,
2021-12-10,,,,913.53,-0.0015519973769059225,
2021-12-13,,,,914.32,0.0008647772924808006,
2021-12-14,,,,912.87,-0.001585878029573995,
2021-12-15,,,,913.33,0.0005039052658100118,
2021-12-16,,,,907.65,-0.006219000799273067,
2021-12-17,,,,887.61,-0.02207899520740364,
2021-12-20,,,,852.68,-0.039352868940187746,
2021-12-21,,,,858.41,0.006719988741380245,
2021-12-22,,,,869.45,0.012860987173961336,
2021-12-23,,,,872.0,0.002932888607740436,
2021-12-24,,,,865.91,-0.006983944954128463,
2021-12-27,,,,868.63,0.003141204051229307,
2021-12-28,,,,877.05,0.009693425278887391,
2021-12-29,,,,874.08,-0.0033863519753718485,
2021-12-30,,,,873.37,-0.0008122826285923423,
2021-12-31,,,,887.01,0.015617664907198625,
2022-01-03,,,,893.79,0.007643656779517727,
2022-01-04,,,,895.43,0.001834882914331093,
2022-01-05,,,,893.56,-0.002088382118088483,
2022-01-06,,,,890.82,-0.003066386140829769,
2022-01-07,,,,894.91,0.004591275454076005,
2022-01-10,,,,896.79,0.002100769909823219,
2022-01-11,,,,897.85,0.001181993554789873,
2022-01-12,,,,909.5,0.01297544133207107,
2022-01-13,,,,910.3,0.0008796041781198305,
2022-01-14,,,,923.68,0.014698451060090045,
2022-01-17,,,,926.41,0.0029555690282350167,
2022-01-18,,,,903.95,-0.02424412517136032,
2022-01-19,,,,888.7,-0.016870402124011252,
2022-01-20,,,,905.67,0.019095307752897472,
2022-01-21,,,,885.93,-0.021796018417304275,
2022-01-24,,,,830.19,-0.06291693474653737,
2022-01-25,,,,817.2,-0.0156470205615582,
2022-01-27,,,,792.69,-0.02999265785609395,
2022-01-28,,,,797.84,0.006496865104895999,
2022-01-31,,,,820.23,0.02806327083124427,
2022-02-01,,,,827.46,0.008814600782707238,
2022-02-02,,,,846.38,0.022865153602591004,
2022-02-03,,,,833.6,-0.015099600652189293,
2022-02-04,,,,824.59,-0.010808541266794647,
2022-02-07,,,,814.59,-0.012127238991498812,
2022-02-08,,,,811.04,-0.0043580205993200005,
2022-02-09,,,,819.87,0.01088725586900785,
2022-02-10,,,,820.68,0.0009879615060923719,
2022-02-11,,,,798.88,-0.02656333771993946,
2022-02-14,,,,775.96,-0.0286901662327258,
2022-02-15,,,,795.02,0.024563121810402544,
2022-02-16,,,,796.23,0.0015219742899550415,
2022-02-17,,,,785.84,-0.013048993381309382,
2022-02-18,,,,774.77,-0.014086837015168552,
2022-02-21,,,,759.4,-0.01983814551415264,
2022-02-22,,,,747.88,-0.015169870950750619,
2022-02-23,,,,757.27,0.012555490185591323,
2022-02-24,,,,722.84,-0.04546595005744314,
2022-02-25,,,,753.42,0.042305351115046186,
2022-02-28,,,,755.65,0.0029598364789891196,
2022-03-02,,,,753.78,-0.002474690663667012,
2022-03-03,,,,743.59,-0.013518533259041066,
2022-03-04,,,,725.91,-0.023776543525329874,
2022-03-07,,,,701.31,-0.033888498574203396,
2022-03-08,,,,711.54,0.01458698720965046,
2022-03-09,,,,732.08,0.028866964611968582,
2022-03-10,,,,741.26,0.012539613157031892,
2022-03-11,,,,740.75,-0.0006880176995925913,
2022-03-14,,,,729.44,-0.015268309146135639,
2022-03-15,,,,728.51,-0.0012749506470718375,
2022-03-16,,,,742.7,0.019478112860496166,
2022-03-17,,,,776.39,0.045361518782819354,
2022-03-21,,,,781.76,0.006916626952948812,
2022-03-22,,,,786.62,0.0062167417110110534,
2022-03-23,,,,782.14,-0.005695253108235265,
2022-03-24,,,,774.29,-0.010036566343621378,
2022-03-25,,,,767.09,-0.00929884151932725,
2022-03-28,,,,752.79,-0.0186418803530225,
2022-03-29,,,,753.3,0.0006774797752360229,
2022-03-30,,,,759.91,0.00877472454533379,
2022-03-31,,,,745.99,-0.018317958705636128,
2022-04-01,,,,766.27,0.027185351010067027,
2022-04-04,,,,796.71,0.03972490114450533,
2022-04-05,,,,812.14,0.019367147393656303,
2022-04-06,,,,812.3,0.00019701036767050262,
2022-04-07,,,,805.61,-0.008235873445771147,
2022-04-08,,,,815.03,0.011693002817740439,
2022-04-11,,,,827.55,0.01536139773996048,
2022-04-12,,,,813.53,-0.016941574527218894,
2022-04-13,,,,817.79,0.005236438729979254,
2022-04-18,,,,807.08,-0.013096271658983305,
2022-04-19,,,,801.69,-0.0066783961936858205,
2022-04-20,,,,795.78,-0.007371926804625284,
2022-04-21,,,,807.07,0.014187338209052935,
2022-04-22,,,,804.81,-0.002800252766179012,
2022-04-25,,,,775.93,-0.03588424597109874,
2022-04-26,,,,783.25,0.00943384068150488,
2022-04-27,,,,766.94,-0.020823491860836207,
2022-04-28,,,,775.02,0.010535374344798676,
2022-04-29,,,,771.22,-0.0049030992748573254,
2022-05-02,,,,756.43,-0.019177407224916454,
2022-05-04,,,,722.77,-0.04449849953069018,
2022-05-05,,,,705.46,-0.02394952751220991,
2022-05-06,,,,679.01,-0.03749326680463816,
2022-05-09,,,,657.77,-0.031280835333794776,
2022-05-10,,,,636.1,-0.03294464630493932,
2022-05-11,,,,628.72,-0.011601949379028476,
2022-05-12,,,,609.05,-0.03128578699580109,
2022-05-13,,,,630.16,0.03466053690173232,
2022-05-16,,,,648.57,0.029214802589818678,
2022-05-17,,,,666.48,0.027614598270040203,
2022-05-18,,,,667.37,0.0013353739046932933,
2022-05-19,,,,639.88,-0.04119154292221705,
2022-05-20,,,,658.98,0.02984934675251605,
2022-05-23,,,,661.43,0.003717867006585829,
2022-05-24,,,,667.61,0.00934339234688486,
2022-05-25,,,,639.91,-0.041491289824897803,
2022-05-26,,,,641.7,0.002797268365864136,
2022-05-27,,,,656.25,0.02267414679756885,
2022-05-30,,,,682.4,0.03984761904761891,
2022-05-31,,,,704.83,0.032869284876905214,
2022-06-01,,,,700.59,-0.006015634975809814,
2022-06-02,,,,691.29,-0.013274525756862166,
2022-06-03,,,,686.57,-0.006827814665335663,
2022-06-06,,,,672.78,-0.020085351821373054,
2022-06-07,,,,656.39,-0.024361604090490152,
2022-06-08,,,,662.47,0.009262785843781929,
2022-06-09,,,,670.55,0.012196778722055157,
2022-06-10,,,,662.26,-0.012362985608828536,
2022-06-13,,,,644.97,-0.026107571044604816,
2022-06-14,,,,649.38,0.006837527326852388,
2022-06-15,,,,652.34,0.00455819396963264,
2022-06-16,,,,637.07,-0.023408038752797622,
2022-06-17,,,,634.31,-0.004332333966440283,
2022-06-20,,,,622.04,-0.019343853951537815,
2022-06-21,,,,637.04,0.024114204874284617,
2022-06-22,,,,630.4,-0.010423207333919327,
2022-06-23,,,,642.17,0.018670685279187804,
2022-06-24,,,,658.06,0.024744226606661757,
2022-06-27,,,,662.1,0.00613925781843605,
2022-06-28,,,,649.84,-0.018516840356441633,
2022-06-29,,,,637.32,-0.019266280930690605,
2022-06-30,,,,625.98,-0.01779325927320663,
2022-07-01,,,,626.79,0.0012939710533881321,
2022-07-04,,,,628.28,0.002377191722905625,
2022-07-05,,,,628.24,-6.366588145412244e-05,
2022-07-06,,,,631.26,0.004807080096778327,
2022-07-07,,,,641.16,0.015682919874536516,
2022-07-08,,,,640.14,-0.0015908665543701295,
2022-07-11,,,,641.02,0.0013746992845315997,
2022-07-12,,,,640.87,-0.0002340020592180858,
2022-07-13,,,,645.02,0.006475572268946905,
2022-07-14,,,,636.61,-0.013038355399832557,
2022-07-15,,,,628.77,-0.012315232245802,
2022-07-18,,,,641.1,0.01960971420392199,
2022-07-19,,,,647.77,0.010403993136796075,
2022-07-20,,,,651.55,0.005835404541735478,
2022-07-21,,,,657.13,0.00856419307804468,
2022-07-22,,,,657.95,0.0012478505014228425,
2022-07-25,,,,641.48,-0.025032297287027938,
2022-07-26,,,,617.77,-0.036961401758433654,
2022-07-27,,,,622.14,0.007073830066205877,
2022-07-28,,,,630.75,0.013839328768444403,
2022-07-29,,,,643.09,0.019564011097899403,
2022-08-01,,,,654.66,0.017991260943258203,
2022-08-02,,,,678.54,0.03647694986710648,
2022-08-03,,,,673.81,-0.006970849176172411,
2022-08-04,,,,678.27,0.0066190765942921725,
2022-08-05,,,,675.68,-0.0038185383401890816,
2022-08-08,,,,676.72,0.001539190149183245,
2022-08-10,,,,670.92,-0.008570753044095158,
2022-08-11,,,,683.17,0.01825851070172302,
2022-08-12,,,,682.14,-0.0015076774448525843,
2022-08-16,,,,688.74,0.009675433195531769,
2022-08-17,,,,696.3,0.01097656590295304,
2022-08-18,,,,697.09,0.0011345684331467432,
2022-08-19,,,,683.0,-0.020212598086330358,
2022-08-22,,,,666.99,-0.023440702781844736,
2022-08-23,,,,669.01,0.0030285311623861055,
2022-08-24,,,,669.28,0.00040358141133922665,
2022-08-25,,,,676.34,0.010548649294764623,
2022-08-26,,,,676.7,0.0005322766655824207,
2022-08-29,,,,656.45,-0.029924634254470228,
2022-08-30,,,,667.21,0.016391195064361375,
2022-09-01,,,,670.7,0.00523073694938625,
2022-09-02,,,,669.25,-0.0021619203816908295,
2022-09-05,,,,668.83,-0.0006275681733283189,
2022-09-06,,,,668.52,-0.00046349595562411583,
2022-09-07,,,,673.94,0.008107461257703674,
2022-09-08,,,,682.8,0.013146570911356958,
2022-09-09,,,,692.05,0.013547158758055122,
2022-09-12,,,,694.46,0.0034824073405101963,
2022-09-13,,,,708.18,0.019756357457592744,
2022-09-14,,,,695.35,-0.01811686294444903,
2022-09-15,,,,693.97,-0.001984612065866087,
2022-09-16,,,,683.38,-0.015260025649523778,
2022-09-19,,,,678.74,-0.00678978021013199,
2022-09-20,,,,677.8,-0.0013849191148305184,
2022-09-21,,,,673.69,-0.006063735615225552,
2022-09-22,,,,670.96,-0.004052308925470149,
2022-09-23,,,,658.53,-0.01852569452724462,
2022-09-26,,,,632.4,-0.039679285681745724,
2022-09-27,,,,639.58,0.011353573687539642,
2022-09-28,,,,631.7,-0.012320585384158367,
2022-09-29,,,,637.21,0.008722494855152751,
2022-09-30,,,,641.01,0.005963497120258454,
2022-10-03,,,,640.71,-0.0004680114194786089,
2022-10-04,,,,660.28,0.030544239983767874,
2022-10-06,,,,668.39,0.012282667959047755,
2022-10-07,,,,672.64,0.006358563114349458,0.28744007927492377
2022-10-10,,,,668.54,-0.0060953853472883734,0.2871463267718356
2022-10-11,,,,654.11,-0.021584347982170016,0.28779787002371043
2022-10-12,,,,650.16,-0.006038739661524906,0.2878152453944731
2022-10-13,,,,641.88,-0.012735326688815052,0.2877294055665618
2022-10-14,,,,642.8,0.0014332897114723853,0.2861759808666581
2022-10-17,,,,643.13,0.0005133789670193067,0.2858095211692658
2022-10-18,,,,647.5,0.0067948937228865525,0.2859384831578637
2022-10-19,,,,646.56,-0.0014517374517375448,0.2838341461497244
2022-10-20,,,,645.48,-0.0016703786191535341,0.2837784330612326
2022-10-21,,,,637.07,-0.013029063642560512,0.2838095545215694
2022-10-24,,,,642.83,0.009041392625614098,0.28310181206200874
2022-10-25,,,,642.33,-0.0007778106186705491,0.28238280906869284
2022-10-27,,,,646.69,0.0067877882085531915,0.2822211125786193
2022-10-28,,,,638.5,-0.01266449148742066,0.2802515537057441
2022-10-31,,,,648.29,0.015332811276429048,0.2768794080510054
2022-11-01,,,,654.46,0.009517345632356067,0.2764739180067617
2022-11-02,,,,652.83,-0.002490602939828279,0.27645610650425695
2022-11-03,,,,647.28,-0.008501447543771024,0.2752953967553758
2022-11-04,,,,648.48,0.0018539117538005634,0.27528390226090166
2022-11-07,,,,657.48,0.013878608438193885,0.2754808926833854
2022-11-09,,,,651.64,-0.008882399464622548,0.27558626161256583
2022-11-10,,,,642.28,-0.014363759130808451,0.27583957005456394
2022-11-11,,,,674.76,0.050569844927446095,0.28016460625271333
2022-11-14,,,,680.36,0.008299247139723853,0.2803225034916964
2022-11-15,,,,666.85,-0.01985713445822801,0.2808533370929129
2022-11-16,,,,657.45,-0.014096123566019303,0.28109675344178225
2022-11-17,,,,641.12,-0.024838390752148554,0.28196980893478085
2022-11-18,,,,641.14,3.1195408035866734e-05,0.28130597987699096
2022-11-21,,,,633.29,-0.012243815703278593,0.28149258866382487
2022-11-22,,,,627.78,-0.008700595303889225,0.28130910519229063
2022-11-23,,,,621.33,-0.010274299913982543,0.28144256940642615
2022-11-24,,,,628.12,0.010928170215505295,0.28143486688274055
2022-11-25,,,,637.19,0.014439915939629344,0.2800959582572605
2022-11-28,,,,640.52,0.005226070716740638,0.28016415626390945
2022-11-29,,,,639.72,-0.001248985199525321,0.28015976272651333
2022-11-30,,,,643.86,0.006471581316826125,0.2802236496062893
2022-12-01,,,,651.29,0.011539775727642532,0.2797774645054713
2022-12-02,,,,660.82,0.014632498579741915,0.27979327535783055
2022-12-05,,,,651.76,-0.013710238794225393,0.28006458729204764
2022-12-06,,,,644.8,-0.010678777464097289,0.27971585281587374
2022-12-07,,,,638.98,-0.009026054590570598,0.2797091269315606
2022-12-08,,,,640.81,0.0028639394034239984,0.2797355130198224
2022-12-09,,,,641.38,0.0008894992275401137,0.2787217091172277
2022-12-12,,,,641.34,-6.236552433813713e-05,0.27807592267916814
2022-12-13,,,,647.38,0.009417781519942547,0.2775322505579059
2022-12-14,,,,652.73,0.00826407982946642,0.27728854323147556
2022-12-15,,,,639.98,-0.01953334456819822,0.2778946813085524
2022-12-16,,,,632.78,-0.01125035157348675,0.2780657982778038
2022-12-19,,,,636.28,0.005531148266380015,0.27814967671286006
2022-12-20,,,,635.07,-0.0019016785063178387,0.2781446076262052
2022-12-21,,,,616.84,-0.028705497031823235,0.2794507746798661
2022-12-22,,,,605.66,-0.018124635237663056,0.27918451126531674
2022-12-23,,,,569.33,-0.059984149522834485,0.28274286705607427
2022-12-26,,,,593.13,0.041803523439832624,0.2859185695447752
2022-12-27,,,,599.89,0.01139716419671899,0.2858495005406074
2022-12-28,,,,603.33,0.005734384637183565,0.2859049664191356
2022-12-29,,,,604.36,0.0017071917524404956,0.2858635392257987
2022-12-30,,,,601.25,-0.0051459395062545266,0.28585545020170583
2023-01-02,,,,604.21,0.00492307692307703,0.2857110833750889
2023-01-03,,,,602.41,-0.0029790966716870537,0.28570841027009647
2023-01-04,,,,593.22,-0.015255390846765415,0.28604780611383496
2023-01-05,,,,590.61,-0.004399716799838194,0.2855541660232503
2023-01-06,,,,586.24,-0.007399129713347219,0.2854693773650063
2023-01-09,,,,588.81,0.004383870087336206,0.28551074461547904
2023-01-10,,,,585.97,-0.0048232876479678,0.28552949783360343
2023-01-11,,,,589.0,0.005170913186681947,0.28560326407900116
2023-01-12,,,,584.83,-0.0070797962648556645,0.28559270216108973
2023-01-13,,,,585.27,0.0007523553853254761,0.2855786986503122
2023-01-16,,,,582.1,-0.005416303586378901,0.28559201030245723
2023-01-17,,,,570.46,-0.0199965641642329,0.285810855048669
2023-01-18,,,,569.26,-0.002103565543596475,0.2857995251633255
2023-01-19,,,,567.76,-0.0026349998243333506,0.28532630686463933
2023-01-20,,,,567.01,-0.0013209806960687853,0.28528727535214526
2023-01-23,,,,565.44,-0.002768910601223862,0.2843967900110464
2023-01-24,,,,572.96,0.013299377475948004,0.2843812635313609
2023-01-25,,,,555.15,-0.03108419435911769,0.285144661520463
2023-01-27,,,,542.99,-0.0219039899126362,0.28515229160478034
2023-01-30,,,,555.91,0.02379417668833672,0.2796172430920766
2023-01-31,,,,565.15,0.016621395549639262,0.2798324895203005
2023-02-01,,,,555.69,-0.01673891887109602,0.2787803393085935
2023-02-02,,,,560.43,0.008529935755547058,0.2788445005158194
2023-02-03,,,,562.89,0.0043894866441840374,0.27734711516801974
2023-02-06,,,,563.46,0.0010126312423386352,0.27716998582999836
2023-02-07,,,,568.0,0.008057359883576476,0.2762640557344594
2023-02-08,,,,590.06,0.03883802816901394,0.2788380195511157
2023-02-09,,,,598.86,0.014913737586008224,0.27913588036467346
2023-02-10,,,,596.31,-0.0042580903717063245,0.27893502086785915
2023-02-13,,,,578.73,-0.029481310056849508,0.2803589522216812
2023-02-14,,,,571.34,-0.012769339761201204,0.28033450685777556
2023-02-15,,,,573.8,0.004305667378443623,0.28038104173854406
2023-02-16,,,,574.05,0.00043569187870340365,0.2792326692464539
2023-02-17,,,,570.7,-0.005835728595069978,0.27790222928364033
2023-02-20,,,,576.41,0.01000525670229524,0.276933946532796
2023-02-21,,,,582.19,0.010027584531843825,0.2771460530439148
2023-02-22,,,,569.24,-0.022243597451004016,0.27769637457652185
2023-02-23,,,,572.02,0.004883704588574123,0.2774553148301865
2023-02-24,,,,574.38,0.0041257298695849265,0.276860423476995
2023-02-27,,,,566.13,-0.01436331348584563,0.27682002115021254
2023-02-28,,,,565.44,-0.0012188013353822136,0.27648769933032546
2023-03-01,,,,573.26,0.013829937747594778,0.27325444603014637
2023-03-02,,,,575.52,0.003942364721069014,0.26985441574253927
2023-03-03,,,,580.66,0.00893105365582425,0.2700067202200035
2023-03-06,,,,583.3,0.004546550477043443,0.2700569034594377
2023-03-08,,,,578.55,-0.008143322475570036,0.2698576144519696
2023-03-09,,,,572.91,-0.009748509204044575,0.2690244583316872
2023-03-10,,,,569.84,-0.005358607809254345,0.26700620070248804
2023-03-13,,,,558.07,-0.02065492067948893,0.2673083972864601
2023-03-14,,,,552.63,-0.009747881090185873,0.26578726652873264
2023-03-15,,,,552.45,-0.00032571521632906997,0.2654416189425
2023-03-16,,,,557.57,0.009267807041361209,0.2656409915946324
2023-03-17,,,,567.56,0.01791703283892576,0.26592247108886147
2023-03-20,,,,559.38,-0.01441257312002242,0.2662675913606857
2023-03-21,,,,562.45,0.0054882190997176394,0.26555883317501877
2023-03-22,,,,564.85,0.004267045959640781,0.26151047441872727
2023-03-23,,,,563.67,-0.002089050190316133,0.2613874437716646
2023-03-24,,,,555.98,-0.013642734223925257,0.26157898197876955
2023-03-27,,,,551.82,-0.007482283535378942,0.2616156385414035
2023-03-28,,,,545.19,-0.01201478743068396,0.26168983042888394
2023-03-29,,,,551.47,0.011518920009537803,0.2618753913537921
2023-03-31,,,,558.3,0.012385079877418326,0.26163533828194885
2023-04-03,,,,560.53,0.003994268314526206,0.2616783413266927
2023-04-05,,,,565.82,0.00943749665495175,0.26170412808427135
2023-04-06,,,,564.38,-0.002544978968576639,0.26113296068536473
2023-04-10,,,,568.9,0.00800878840497532,0.2597575125146863
2023-04-11,,,,571.42,0.004429600984355853,0.25657380015879566
2023-04-12,,,,572.69,0.0022225333380001544,0.25576638318472045
2023-04-13,,,,572.61,-0.00013969163072524715,0.2557646850317255
2023-04-17,,,,568.22,-0.007666649202773268,0.25574972375705335
2023-04-18,,,,570.15,0.00339657175037833,0.25546244060037065
2023-04-19,,,,566.37,-0.006629834254143652,0.2549695976878441
2023-04-20,,,,565.8,-0.0010064092377775058,0.2544903328046912
2023-04-21,,,,567.5,0.0030045952633439565,0.2544424611964634
2023-04-24,,,,567.67,0.000299559471365507,0.25417250446341544
2023-04-25,,,,569.31,0.0028890024133738645,0.2541480732683108
2023-04-26,,,,568.94,-0.0006499095396179655,0.2540738426968203
2023-04-27,,,,574.57,0.009895595317608086,0.25384899259776117
2023-04-28,,,,592.37,0.03097968915884919,0.25587728119435416
2023-05-02,,,,595.51,0.005300741090872307,0.253557884869735
2023-05-03,,,,596.15,0.00107470907289553,0.25335282155588573
2023-05-04,,,,605.98,0.016489138639604217,0.2531626152084519
2023-05-05,,,,605.95,-4.950658437563593e-05,0.25290763556944995
2023-05-08,,,,612.52,0.010842478752372209,0.25314427993299954
2023-05-09,,,,605.46,-0.0115261542480245,0.2527014525288221
2023-05-10,,,,609.74,0.007069005384335858,0.24897372806879084
2023-05-11,,,,606.35,-0.005559746777314856,0.24791553752068826
2023-05-12,,,,604.64,-0.0028201533767626685,0.24512710708846908
2023-05-15,,,,611.64,0.011577136808679445,0.24343688978189118
2023-05-16,,,,611.7,9.809691975681822e-05,0.24120294366048706
2023-05-17,,,,609.38,-0.003792708844204795,0.24095340832705425
2023-05-18,,,,601.55,-0.012849125340510081,0.2392500421063431
2023-05-19,,,,605.37,0.006350261823622416,0.23680241287712758
2023-05-22,,,,606.12,0.0012389117399276284,0.23497700413915282
2023-05-23,,,,608.91,0.0046030489012076625,0.23336750839873557
2023-05-24,,,,606.52,-0.003925046394376852,0.23339090468314128
2023-05-25,,,,613.38,0.011310426696564013,0.23003016713075328
2023-05-26,,,,621.68,0.013531579118980064,0.22847330314372083
2023-05-29,,,,624.54,0.004600437524128198,0.22848992190925296
2023-05-30,,,,617.64,-0.011048131424728602,0.2285515216120215
2023-05-31,,,,624.16,0.010556311119746198,0.22501099765480193
2023-06-01,,,,626.84,0.004293770827992871,0.2250346424077293
2023-06-02,,,,639.89,0.020818709718588346,0.22485458357893112
2023-06-05,,,,638.99,-0.0014064917407679012,0.22127046796092786
2023-06-06,,,,641.25,0.0035368315623092172,0.21880449553553843
2023-06-07,,,,653.14,0.01854191033138397,0.2195351070892929
2023-06-08,,,,653.89,0.0011482989864348703,0.21914501306678066
2023-06-09,,,,661.47,0.011592163819602819,0.21935345333233144
2023-06-12,,,,667.61,0.009282355964745248,0.21862541338867222
2023-06-13,,,,677.78,0.015233444675783803,0.2177679048057601
2023-06-14,,,,671.57,-0.009162265041753881,0.2177793203109695
2023-06-15,,,,675.33,0.005598820673943239,0.21751261689368961
2023-06-16,,,,685.39,0.014896421008988137,0.2176498111176585
2023-06-19,,,,691.32,0.008652008345613638,0.21619760046867714
2023-06-20,,,,691.27,-7.232540646884278e-05,0.21610040625029944
2023-06-21,,,,692.2,0.0013453498632951533,0.21606133159889215
2023-06-22,,,,682.6,-0.013868824039295014,0.21521814060087738
2023-06-23,,,,676.54,-0.008877820099619238,0.2153657107237697
2023-06-26,,,,688.04,0.016998255831140785,0.21509573091761347
2023-06-27,,,,692.01,0.005770013371315663,0.21385173605817884
2023-06-28,,,,687.94,-0.005881417898585206,0.21366870074796554
2023-06-30,,,,693.15,0.007573334883856031,0.21300507915621653
2023-07-03,,,,691.89,-0.001817788357498351,0.21160793676116554
2023-07-04,,,,686.72,-0.007472286057032096,0.21166780565547766
2023-07-05,,,,687.38,0.0009610904007455456,0.21083002173368648
2023-07-06,,,,692.89,0.008015944601239555,0.2100503308231264
2023-07-07,,,,681.28,-0.01675590642093261,0.20996257174023406
2023-07-10,,,,676.01,-0.007735439173320757,0.21011907642169184
2023-07-11,,,,687.03,0.016301534000976226,0.21071199501322016
2023-07-12,,,,695.93,0.01295431058323504,0.21108238925639533
2023-07-13,,,,708.4,0.017918468811518373,0.21175746598780743
2023-07-14,,,,714.02,0.007933370976849208,0.21134271550618294
2023-07-17,,,,710.84,-0.004453656760314728,0.21139074776746053
2023-07-18,,,,701.42,-0.013251927297282196,0.2118358413633888
2023-07-19,,,,702.11,0.0009837187419805549,0.2118354152135327
2023-07-20,,,,705.7,0.005113158906724147,0.21180089306262045
2023-07-21,,,,711.21,0.007807850361343238,0.21149411276836869
2023-07-24,,,,704.13,-0.009954865651495393,0.21136333173591068
2023-07-25,,,,703.09,-0.0014769999857979776,0.21050314696061037
2023-07-26,,,,703.57,0.0006827006499878774,0.2102661561434185
2023-07-27,,,,705.61,0.002899498273092993,0.21021066757501933
2023-07-28,,,,709.79,0.005923952324938586,0.2101243290103995
2023-07-31,,,,711.45,0.0023387199030699968,0.21013161404132824
2023-08-01,,,,719.26,0.010977580996556213,0.20883784257182528
2023-08-02,,,,710.58,-0.012067958735366813,0.20581151427996114
2023-08-03,,,,710.33,-0.00035182526949817383,0.20571237125705127
2023-08-04,,,,747.97,0.052989455605141345,0.21187331645751636
2023-08-07,,,,756.02,0.01076246373517642,0.2112712376109025
2023-08-08,,,,743.33,-0.016785270230946225,0.21128088727999583
2023-08-09,,,,743.53,0.0002690595025089948,0.20818660597844668
2023-08-10,,,,742.45,-0.0014525304964156938,0.208062254127813
2023-08-11,,,,737.56,-0.006586302107886133,0.20808952589502716
2023-08-14,,,,725.13,-0.016852866207494932,0.20876309677308474
2023-08-16,,,,721.17,-0.00546108973563364,0.20884096922013295
2023-08-17,,,,718.67,-0.0034665890150726852,0.2086846663571861
2023-08-18,,,,710.71,-0.011076015417368135,0.20821976459473537
2023-08-21,,,,710.87,0.00022512698569032707,0.2082123512847133
2023-08-22,,,,717.85,0.009818954239171784,0.20821892389388708
2023-08-23,,,,726.55,0.012119523577349023,0.20828116658101167
2023-08-24,,,,731.37,0.006634092629550725,0.20837707961973498
2023-08-25,,,,723.03,-0.011403256901431624,0.20769252596235735
2023-08-28,,,,725.93,0.004010898579588584,0.2063504758101812
2023-08-29,,,,731.99,0.008347912333145135,0.20648649883811868
2023-08-30,,,,747.27,0.020874602112050722,0.20749502251658705
2023-08-31,,,,743.84,-0.004590041082874974,0.20731278768867656
2023-09-01,,,,748.65,0.006466444396644455,0.20739970488757367
2023-09-04,,,,753.86,0.006959193214452819,0.20523837657546373
2023-09-05,,,,759.0,0.0068182421139202365,0.20472301931445142
2023-09-06,,,,764.89,0.007760210803688938,0.2047961452909705
2023-09-07,,,,766.88,0.002601681287505375,0.20478694301033376
2023-09-08,,,,775.36,0.011057792614229012,0.20504850091691412
2023-09-11,,,,780.0,0.00598431696244317,0.20511409000858027
2023-09-12,,,,761.48,-0.0237435897435897,0.2064272998100106
2023-09-13,,,,753.74,-0.010164416662289288,0.20631747876684245
2023-09-14,,,,762.23,0.011263831029267424,0.20618484022524367
2023-09-15,,,,776.1,0.018196607323248903,0.20692456855501384
2023-09-18,,,,770.9,-0.006700167504187671,0.20614587438895196
2023-09-20,,,,759.8,-0.014398754702296013,0.20584350058568135
2023-09-21,,,,751.91,-0.01038431166096343,0.20611385363473156
2023-09-22,,,,748.27,-0.004841004907502167,0.20558162912902656
2023-09-25,,,,746.24,-0.0027129244791318508,0.20547801233395852
2023-09-26,,,,749.12,0.0038593481989708245,0.2054976671369153
2023-09-27,,,,752.88,0.005019222554463854,0.20544217062169162
2023-09-28,,,,751.5,-0.0018329614281160644,0.20540451530868406
2023-09-29,,,,754.82,0.004417831004657424,0.2045467523164135
2023-10-03,,,,762.48,0.01014811478233213,0.2007229167989347
2023-10-04,,,,750.04,-0.01631518203756166,0.20117192085159058
2023-10-05,,,,772.1,0.02941176470588247,0.20277971095008668
2023-10-06,,,,775.59,0.00452013987825417,0.20266000289144334
2023-10-09,,,,768.26,-0.009450869660516559,0.20285649186609592
2023-10-10,,,,779.29,0.01435711868377898,0.20330467860729357
2023-10-11,,,,787.16,0.010098936211166532,0.20132589180009636
2023-10-12,,,,786.69,-0.0005970831851210834,0.20099865971370784
2023-10-13,,,,780.48,-0.007893833657476312,0.20110299806848347
2023-10-16,,,,781.74,0.0016143911439114866,0.2009903486713078
2023-10-17,,,,787.91,0.007892649730089296,0.1998674253715885
2023-10-18,,,,789.09,0.0014976329783860098,0.19974991411846021
2023-10-19,,,,785.55,-0.004486180283617913,0.19935668865305173
2023-10-20,,,,790.51,0.006314047482655516,0.19943001442733266
2023-10-23,,,,759.76,-0.0388989386598525,0.20336231621014964
2023-10-25,,,,759.15,-0.0008028851216174138,0.20327723359443642
2023-10-26,,,,748.19,-0.014437199499440112,0.20383008415750184
2023-10-27,,,,756.81,0.011521137678931703,0.2041052420689638
2023-10-30,,,,766.64,0.012988729007280542,0.20400465993357597
2023-10-31,,,,763.3,-0.004356673275592193,0.20390231577309392
2023-11-01,,,,758.71,-0.006013363028953167,0.2040092505527713
2023-11-02,,,,767.54,0.011638175323904987,0.20421109421288858
2023-11-03,,,,789.24,0.02827214216848639,0.20560712244649196
2023-11-06,,,,803.97,0.018663524403223386,0.20586826334695474
2023-11-07,,,,802.08,-0.0023508339863427263,0.20571374612260926
2023-11-08,,,,817.55,0.01928735288250527,0.20650556109993143
2023-11-09,,,,813.99,-0.004354473732493314,0.2063560351969228
2023-11-10,,,,815.6,0.0019779112765512252,0.2063565912744816
2023-11-12,,,,820.32,0.005787150564001919,0.20600771844439678
2023-11-13,,,,821.73,0.0017188414277353736,0.20577172406534702
2023-11-15,,,,838.91,0.020907110608107127,0.20614951417927682
2023-11-16,,,,842.14,0.003850234232515959,0.2001091314659316
2023-11-17,,,,853.25,0.013192580806041798,0.2003490266004109
2023-11-20,,,,853.56,0.0003633167301493323,0.19925520215594178
2023-11-21,,,,848.3,-0.006162425605698463,0.19880682833552307
2023-11-22,,,,844.76,-0.00417305198632556,0.1971682023525077
2023-11-23,,,,836.33,-0.00997916568019308,0.1974802268769506
2023-11-24,,,,836.54,0.000251097054990268,0.19702528389954566
2023-11-28,,,,834.93,-0.0019245941616659046,0.19680044399672303
2023-11-29,,,,838.46,0.004227899344855457,0.1964849610237988
2023-11-30,,,,848.67,0.012177086563461392,0.19655057708782972
2023-12-01,,,,846.31,-0.0027808217563952686,0.19614619886074455
2023-12-04,,,,845.29,-0.001205232125344069,0.19611919796231825
2023-12-05,,,,842.19,-0.003667380425652622,0.19616414443666064
2023-12-06,,,,856.77,0.017312007979197075,0.19675704049911552
2023-12-07,,,,849.12,-0.008928884064568043,0.1967429247246827
2023-12-08,,,,837.36,-0.013849632560768765,0.19684198762939745
2023-12-11,,,,840.5,0.003749880577051723,0.1963041213540131
2023-12-12,,,,833.02,-0.008899464604402163,0.19620509921465193
2023-12-13,,,,840.28,0.00871527694413099,0.19608853601919968
2023-12-14,,,,869.33,0.03457180939686788,0.19890795060579916
2023-12-15,,,,867.63,-0.0019555289705865952,0.1989340357810892
2023-12-18,,,,889.72,0.025460161589617725,0.20039326602948773
2023-12-19,,,,891.04,0.0014836128220112599,0.20023073042883177
2023-12-20,,,,851.61,-0.04425166098042732,0.20523382057401446
2023-12-21,,,,869.93,0.0215121945491481,0.20518736013394065
2023-12-22,,,,876.08,0.007069534330348626,0.20487975753842935
2023-12-26,,,,874.01,-0.002362797917998427,0.20487105696306754
2023-12-27,,,,880.41,0.007322570679969331,0.20493200760367158
2023-12-28,,,,875.02,-0.0061221476357605775,0.20283700314978861
2023-12-29,,,,881.5,0.007405545016113901,0.2019657248046439
2024-01-01,,,,886.74,0.005944412932501475,0.19232236114340387
2024-01-02,,,,888.25,0.0017028666801994774,0.188089002958363
2024-01-03,,,,887.19,-0.0011933577258653738,0.1878567800583153
2024-01-04,,,,894.9,0.008690359449497809,0.187944956912062
2024-01-05,,,,915.86,0.02342161135322396,0.18920347141846156
2024-01-08,,,,918.42,0.002795187037319957,0.1890806950045158
2024-01-09,,,,929.04,0.011563337035343402,0.18930892571026012
2024-01-10,,,,936.12,0.007620769826918172,0.18933817718345936
2024-01-11,,,,947.47,0.012124513951202953,0.18883790028952716
2024-01-12,,,,955.98,0.008981814727643034,0.18886168716194904
2024-01-15,,,,951.05,-0.005157011652963561,0.1887631415688638
2024-01-16,,,,935.48,-0.01637137900215546,0.18963814536340415
2024-01-17,,,,918.2,-0.018471800572967823,0.19061330687499176
2024-01-18,,,,914.01,-0.004563275974733272,0.19069186256723183
2024-01-19,,,,941.5,0.030076257371363546,0.19256216265787024
2024-01-20,,,,935.94,-0.005905469994689216,0.19271926974632966
2024-01-23,,,,901.19,-0.03712844840481222,0.1965061760810489
2024-01-24,,,,926.55,0.028140569691186057,0.1970377541361935
2024-01-25,,,,924.14,-0.002601046894393111,0.19704879188853186
2024-01-29,,,,930.74,0.0071417750557274395,0.19706038713375537
2024-01-30,,,,933.66,0.003137288609063704,0.19703447559109044
2024-01-31,,,,957.82,0.025876657455604857,0.19840748359743515
2024-02-01,,,,946.43,-0.0118915871458104,0.19858809168203373
2024-02-02,,,,940.18,-0.0066037636169605785,0.19597634397520355
2024-02-05,,,,920.09,-0.021368248633240383,0.19591099598017112
2024-02-06,,,,922.62,0.0027497310045756507,0.19470555206639445
2024-02-07,,,,931.77,0.009917409117513154,0.19431815282601686
2024-02-08,,,,934.59,0.003026497955504137,0.19340138614643954
2024-02-09,,,,936.93,0.0025037717073796983,0.1932953136394019
2024-02-12,,,,926.4,-0.011238833210592047,0.193741965761252
2024-02-13,,,,922.35,-0.004371761658030993,0.19384578888550205
2024-02-14,,,,918.46,-0.004217487938418141,0.19385134596652676
2024-02-15,,,,925.35,0.007501687607516905,0.19037149011398083
2024-02-16,,,,929.64,0.004636083644026456,0.18994081649858857
2024-02-19,,,,942.85,0.014209801643646935,0.1902452701497306
2024-02-20,,,,947.28,0.00469852044333674,0.1876389328941686
2024-02-21,,,,933.63,-0.014409678236635415,0.18777591570306862
2024-02-22,,,,946.88,0.014191917569058354,0.18815658522212442
2024-02-23,,,,955.25,0.008839557282865895,0.18827141119521826
2024-02-26,,,,963.79,0.00894006804501446,0.1882264936551215
2024-02-27,,,,964.35,0.000581039438051878,0.1880675613976286
2024-02-28,,,,952.2,-0.012599160055996261,0.1884723771618771
2024-02-29,,,,962.37,0.010680529300566954,0.1870867985899663
2024-03-01,,,,962.86,0.0005091596787099029,0.18707388268613265
2024-03-02,,,,962.49,-0.0003842718567600434,0.1870801250742377
2024-03-04,,,,964.62,0.002213010005298832,0.18634676112325527
2024-03-05,,,,949.02,-0.016172171425017146,0.18721894913875503
2024-03-06,,,,935.21,-0.014551853490969546,0.18758855016566603
2024-03-07,,,,939.97,0.005089765934923607,0.18760390366676022
2024-03-11,,,,933.2,-0.007202357522048564,0.18770072595547546
2024-03-12,,,,924.0,-0.009858551221603173,0.18805339943715332
2024-03-13,,,,886.54,-0.040541125541125544,0.1925275333824372
2024-03-14,,,,915.46,0.03262120152503001,0.19463357036710455
2024-03-15,,,,924.22,0.009568959867170657,0.19464428201463432
2024-03-18,,,,925.73,0.0016338101317867615,0.19331180772307324
2024-03-19,,,,917.23,-0.009181942899117446,0.19327785585452714
2024-03-20,,,,934.52,0.018850233856284593,0.19398755074501942
2024-03-21,,,,959.21,0.02641998031074788,0.19537165089894587
2024-03-22,,,,967.36,0.008496575306762733,0.1948386550407181
2024-03-26,,,,976.58,0.009531094938802553,0.19426020886766968
2024-03-27,,,,981.63,0.005171107333756586,0.19425522302746936
2024-03-28,,,,991.26,0.00981021362427792,0.1943909934503898
2024-04-01,,,,1015.15,0.024100639590016737,0.19555684174643967
2024-04-02,,,,1015.14,-9.850760971263917e-06,0.19490721508946018
2024-04-03,,,,1019.9,0.004689008412632756,0.19466332063967298
2024-04-04,,,,1027.93,0.007873320913815096,0.19418829428471387
2024-04-05,,,,1042.32,0.013999007714532885,0.19431852529034987
2024-04-08,,,,1069.2,0.025788625374165486,0.195454832349824
2024-04-09,,,,1072.33,0.002927422371866717,0.1954504165933734
2024-04-10,,,,1076.43,0.003823449870842044,0.19533535726415924
2024-04-12,,,,1061.44,-0.013925661677953949,0.19596860937921493
2024-04-15,,,,1039.73,-0.020453346397347083,0.19724057051133428
2024-04-16,,,,1034.06,-0.005453338847585476,0.19738966140345937
2024-04-18,,,,1022.67,-0.01101483472912601,0.19784718778297566
2024-04-19,,,,1023.83,0.0011342857422238506,0.19783499440588653
2024-04-22,,,,1040.38,0.016164792983210274,0.19805449179991122
2024-04-23,,,,1041.12,0.0007112785712910519,0.19806022505131562
2024-04-24,,,,1048.42,0.007011679729522324,0.19790070601837695
2024-04-25,,,,1056.29,0.00750653364109799,0.19793133470949542
2024-04-26,,,,1061.01,0.004468469833095012,0.1979400661986312
2024-04-29,,,,1069.12,0.007643660285953757,0.19799196911297787
2024-04-30,,,,1068.61,-0.0004770278359772506,0.19801552206532863
2024-05-02,,,,1079.83,0.010499621002985293,0.1981468242411426
2024-05-03,,,,1075.71,-0.003815415389459398,0.19811599313668685
2024-05-06,,,,1060.66,-0.013990759591339663,0.1967405302243786
2024-05-07,,,,1040.55,-0.018959892896875608,0.19787281742122534
2024-05-08,,,,1047.97,0.007130844265052172,0.19792800850335004
2024-05-09,,,,1033.15,-0.01414162619158943,0.1980963467210484
2024-05-10,,,,1044.94,0.011411702076174812,0.19829731229642242
2024-05-13,,,,1043.86,-0.0010335521656746893,0.19813576124588012
2024-05-14,,,,1040.61,-0.0031134443316153115,0.1977290206740059
2024-05-15,,,,1051.54,0.010503454704452242,0.19784322489078143
2024-05-16,,,,1065.62,0.01338988531106744,0.1980004096918159
2024-05-17,,,,1085.4,0.018561963927103742,0.198597019985196
2024-05-18,,,,1090.56,0.004754007739082189,0.1983976571808209
2024-05-21,,,,1079.92,-0.009756455399060893,0.19875563246422553
2024-05-22,,,,1079.96,3.703978072455705e-05,0.19867394816203585
2024-05-23,,,,1075.23,-0.004379791844142389,0.19820334594918418
2024-05-24,,,,1059.74,-0.014406220064544284,0.19887214229857456
2024-05-27,,,,1054.57,-0.00487855511729296,0.19899903973530295
2024-05-28,,,,1034.84,-0.01870904728941658,0.200088103675233
2024-05-29,,,,1022.98,-0.011460708901859129,0.2004607204865284
2024-05-30,,,,1013.83,-0.008944456392109279,0.20055531443420388
2024-05-31,,,,1020.33,0.006411331288282973,0.2002731677501329
2024-06-03,,,,1028.96,0.0084580478864682,0.2003596762901663
2024-06-04,,,,971.59,-0.05575532576582176,0.2081338186237725
2024-06-05,,,,1014.56,0.04422647413003422,0.2122253817679662
2024-06-06,,,,1037.61,0.02271920832676222,0.21322119998933878
2024-06-07,,,,1053.72,0.015526064706392617,0.21281981425618124
2024-06-10,,,,1056.21,0.00236305659947611,0.21279135862268472
2024-06-11,,,,1067.01,0.010225239299002986,0.21294220901353622
2024-06-12,,,,1067.73,0.0006747828042847903,0.21230681055480477
2024-06-13,,,,1073.95,0.005825442761747013,0.21233857241069823
2024-06-14,,,,1083.06,0.008482704036500754,0.21222116352842824
2024-06-18,,,,1088.3,0.004838143777814663,0.21211556329819553
2024-06-19,,,,1098.11,0.00901405862354121,0.21181785696599947
2024-06-20,,,,1097.66,-0.0004097950114285709,0.2115352045605019
2024-06-21,,,,1096.1,-0.0014212051090503053,0.21153311743446623
2024-06-24,,,,1100.47,0.003986862512544542,0.21114695527879918
2024-06-25,,,,1108.49,0.007287795214771853,0.21110800768924756
2024-06-26,,,,1106.98,-0.00136221346155585,0.2111244365357613
2024-06-27,,,,1113.09,0.0055195215812389176,0.21115352934882123
2024-06-28,,,,1116.27,0.002856911840013021,0.21055510719854037
2024-07-01,,,,1139.72,0.021007462352298223,0.2111192510363535
2024-07-02,,,,1131.37,-0.007326360860562375,0.2108038817308244
2024-07-03,,,,1129.65,-0.001520280721602818,0.21080124584514498
2024-07-04,,,,1119.06,-0.009374585048466444,0.21096182343809186
2024-07-05,,,,1125.54,0.005790574231944623,0.21092224159096112
2024-07-08,,,,1135.69,0.009017893633278318,0.21100294519758572
2024-07-09,,,,1140.41,0.004156063714570113,0.21079603709279401
2024-07-10,,,,1130.7,-0.00851448163379842,0.21106036241520212
2024-07-11,,,,1142.39,0.010338728221455762,0.21113888115625204
2024-07-12,,,,1157.63,0.013340452910127087,0.21058836729624889
2024-07-15,,,,1163.82,0.005347131639642955,0.21037533292542498
2024-07-16,,,,1144.72,-0.01641147256448583,0.21072407897311107
2024-07-18,,,,1151.82,0.006202390104130151,0.21048344779460296
2024-07-19,,,,1133.22,-0.016148356514038564,0.21066802602850784
2024-07-22,,,,1147.27,0.012398298653394813,0.21084250440466
2024-07-23,,,,1143.21,-0.0035388356707661828,0.2108164980331158
2024-07-24,,,,1163.76,0.017975700002624162,0.2108647836059007
2024-07-25,,,,1155.56,-0.007046126349075421,0.21106022807688782
2024-07-26,,,,1181.68,0.02260375921631086,0.2120361161239032
2024-07-29,,,,1181.37,-0.0002623383657167633,0.21197297664918419
2024-07-30,,,,1187.46,0.0051550318697783926,0.21164820791627362
2024-07-31,,,,1185.26,-0.0018526939854816016,0.21165503117300685
2024-08-01,,,,1182.58,-0.002261107267603757,0.21169617158818504
2024-08-02,,,,1237.54,0.04647465710565046,0.21628573077520358
2024-08-05,,,,1194.84,-0.0345039352263361,0.2193666413004614
2024-08-06,,,,1168.35,-0.02217033242944666,0.22071206266309168
2024-08-07,,,,1216.94,0.04158856507039865,0.2240503610035629
2024-08-08,,,,1207.49,-0.007765378736831807,0.223816692246083
2024-08-09,,,,1221.06,0.011238188307977737,0.22398377583636106
2024-08-12,,,,1210.74,-0.008451673136455118,0.21836683154292907
2024-08-13,,,,1198.3,-0.010274708029800017,0.21853330202469384
2024-08-14,,,,1221.81,0.019619460902945862,0.21843643522460765
2024-08-16,,,,1259.28,0.03066761607778634,0.22029235051879228
2024-08-19,,,,1260.1,0.0006511657455052777,0.22026748022467832
2024-08-20,,,,1276.87,0.013308467581937933,0.22036940550499873
2024-08-21,,,,1288.55,0.009147368173737291,0.21963605949582812
2024-08-22,,,,1285.66,-0.002242831089208752,0.21954427538292992
2024-08-23,,,,1293.43,0.006043588507070208,0.21949544712397323
2024-08-26,,,,1309.59,0.012493911537539537,0.2193047777207592
2024-08-27,,,,1306.29,-0.0025198726318923503,0.21935083532975697
2024-08-28,,,,1295.89,-0.007961478691561497,0.2194768280035313
2024-08-29,,,,1288.92,-0.005378542931884667,0.21939972047022904
2024-08-30,,,,1302.17,0.010279924277689867,0.21950108521730266
2024-09-02,,,,1288.61,-0.010413386884969067,0.21944087170822701
2024-09-03,,,,1286.03,-0.0020021573633605128,0.2194786882093099
2024-09-04,,,,1284.93,-0.0008553455207109817,0.21941985127517222
2024-09-05,,,,1306.06,0.01644447557454476,0.21908842586942426
2024-09-06,,,,1299.75,-0.004831324747714416,0.21909619131817762
2024-09-09,,,,1307.78,0.006178111175225931,0.2190908920325388
2024-09-10,,,,1321.04,0.01013932006912488,0.2191816915753782
2024-09-11,,,,1332.77,0.00887936777084719,0.219233811528346
2024-09-12,,,,1353.78,0.01576416035775119,0.21957862302390307
2024-09-13,,,,1342.13,-0.008605534134054182,0.21985225447793072
2024-09-16,,,,1357.2,0.011228420495779101,0.2198591297673517
2024-09-17,,,,1345.89,-0.008333333333333304,0.22008561332622276
2024-09-18,,,,1344.0,-0.0014042752379467283,0.21856385424259597
2024-09-19,,,,1352.5,0.006324404761904656,0.21823759529087738
2024-09-20,,,,1384.78,0.023866913123844702,0.219112685942014
2024-09-23,,,,1394.88,0.0072935773191411535,0.21859752482380684
2024-09-24,,,,1375.57,-0.01384348474420749,0.21901318220064192
2024-09-25,,,,1346.17,-0.021372958119179608,0.21966018815899785
2024-09-26,,,,1341.91,-0.0031645334541700043,0.21935782713191962
2024-09-27,,,,1335.53,-0.004754417211288442,0.2193549759969425
2024-09-30,,,,1326.81,-0.006529243072038837,0.21947739085565593
2024-10-01,,,,1356.13,0.02209811502777348,0.22035675294799129
2024-10-03,,,,1338.19,-0.013228820245846706,0.220898378665519
2024-10-04,,,,1336.02,-0.0016215933462363497,0.2208944310313553
2024-10-07,,,,1298.41,-0.02815077618598516,0.22298419401990818
2024-10-08,,,,1342.26,0.033772075076439645,0.22506565814179655
2024-10-09,,,,1354.05,0.008783693174198692,0.22437463962165013
2024-10-10,,,,1337.6,-0.012148738968280393,0.2232060521498018
2024-10-11,,,,1347.52,0.007416267942583765,0.2232539976381985
2024-10-14,,,,1349.02,0.0011131560199477697,0.22294580445283152
2024-10-15,,,,1371.29,0.016508280084802207,0.22307260816039473
2024-10-16,,,,1368.0,-0.0023992007525760473,0.2229864623742324
2024-10-17,,,,1343.55,-0.0178728070175439,0.2238787585558158
2024-10-18,,,,1345.37,0.0013546202225447335,0.2236499793396226
2024-10-21,,,,1327.62,-0.013193396612084407,0.2241826059663976
2024-10-22,,,,1280.32,-0.03562766454256483,0.22727665836512215
2024-10-23,,,,1307.36,0.021119720069982417,0.22807609975827284
2024-10-24,,,,1293.33,-0.010731550605800999,0.22834275089448822
2024-10-25,,,,1273.83,-0.015077358446800138,0.22894605338672144
2024-10-28,,,,1288.47,0.011492899366477571,0.22542712555805497
2024-10-29,,,,1301.51,0.01012053055173956,0.22554572171028436
2024-10-30,,,,1301.72,0.000161351046092717,0.22493346375585696
2024-10-31,,,,1292.2,-0.007313400731340014,0.22494681192243754
2024-11-01,,,,1308.68,0.012753443739359271,0.22493563171104702
2024-11-04,,,,1299.61,-0.00693064767552054,0.22502594849659754
2024-11-05,,,,1288.24,-0.008748778479697683,0.2251429558524293
2024-11-06,,,,1327.35,0.030359249829224222,0.22670354957551317
2024-11-07,,,,1334.06,0.005055185143330698,0.2252147594076389
2024-11-08,,,,1315.07,-0.01423474206557429,0.22520093998446195
2024-11-11,,,,1322.38,0.00555863946405899,0.22518448338637143
2024-11-12,,,,1308.94,-0.010163493095781906,0.22485149514918745
2024-11-13,,,,1273.06,-0.027411493269363096,0.22667730942524297
2024-11-14,,,,1304.83,0.02495561874538521,0.22784905407824538
2024-11-18,,,,1298.37,-0.0049508365074377725,0.22792141769496108
2024-11-19,,,,1308.15,0.007532521546246507,0.22799023571402272
2024-11-21,,,,1301.16,-0.005343423919275336,0.2273089984864699
2024-11-22,,,,1327.07,0.019913000707061368,0.2280176676006279
2024-11-25,,,,1356.28,0.02201089618482821,0.22862548939239155
2024-11-26,,,,1374.65,0.01354440086117914,0.228913774125427
2024-11-27,,,,1387.85,0.009602444258538512,0.22889249834762165
2024-11-28,,,,1391.46,0.0026011456569514646,0.2288075503179385
2024-11-29,,,,1387.14,-0.003104652666982788,0.2285467363612148
2024-12-02,,,,1404.95,0.01283936733134361,0.2287903156829731
2024-12-03,,,,1407.87,0.0020783657781413556,0.2287535270048331
2024-12-04,,,,1428.15,0.01440473907392037,0.2290711970379073
2024-12-05,,,,1452.93,0.017351118579981062,0.22935526495798558
2024-12-06,,,,1474.72,0.01499728135560563,0.22965336812270976
2024-12-09,,,,1469.43,-0.003587121623087719,0.22970232374316948
2024-12-10,,,,1479.19,0.006642031263823345,0.22966473462553547
2024-12-11,,,,1479.22,2.0281370209263017e-05,0.22918358076706144
2024-12-12,,,,1467.22,-0.008112383553494418,0.22914496356432465
2024-12-13,,,,1468.64,0.0009678166873408056,0.22857639866190543
2024-12-16,,,,1482.94,0.009736899444383829,0.22869197584313145
2024-12-17,,,,1487.22,0.002886158576881126,0.22841297115019227
2024-12-18,,,,1476.53,-0.007187907639757407,0.22852552878200805
2024-12-19,,,,1459.73,-0.01137802821480094,0.22663111933367142
2024-12-20,,,,1421.72,-0.026039062018318404,0.22834343244519795
2024-12-23,,,,1418.77,-0.0020749514672369074,0.22716819031829832
2024-12-24,,,,1418.69,-5.6386870317171045e-05,0.22717662227597013
2024-12-26,,,,1414.56,-0.0029111363299946236,0.2224479281050163
2024-12-27,,,,1414.98,0.00029691211401439155,0.2216005244239426
2024-12-30,,,,1439.13,0.017067379044226838,0.22205389751593685
2024-12-31,,,,1433.8,-0.003703626496563972,0.22208481064545413
2025-01-01,,,,1436.89,0.0021551122890222096,0.2220220686026827
2025-01-02,,,,1463.04,0.018199027065398,0.22245573934949583
2025-01-03,,,,1454.36,-0.005932852143482159,0.2225386095789392
2025-01-06,,,,1413.83,-0.027867928160840494,0.22451012140481832
2025-01-07,,,,1393.27,-0.01454205951210541,0.22511516502741716
2025-01-08,,,,1356.0,-0.026750019737739272,0.22690992062273166
2025-01-09,,,,1327.36,-0.021120943952802396,0.22795519628883412
2025-01-10,,,,1301.1,-0.019783630665380914,0.22791022295553123
2025-01-13,,,,1217.45,-0.06429175313196511,0.23721054645228765
2025-01-14,,,,1245.66,0.023171382808328866,0.2380009003415431
2025-01-15,,,,1269.31,0.01898591911115388,0.23857571164408153
2025-01-16,,,,1284.41,0.011896227084006394,0.23856544271509578
2025-01-17,,,,1284.99,0.00045156920298028425,0.23844290164459223
2025-01-20,,,,1285.44,0.00035019727779994625,0.23835705438584026
2025-01-21,,,,1219.2,-0.05153099327856614,0.24351284778426105
2025-01-22,,,,1198.01,-0.017380249343832088,0.2434268859153236
2025-01-23,,,,1229.08,0.025934675002712737,0.24461284009099038
2025-01-24,,,,1205.81,-0.018932860350831526,0.24373138961692914
2025-01-27,,,,1166.95,-0.03222729949162795,0.24590264325507125
2025-01-28,,,,1163.37,-0.0030678263850208998,0.24294199225970584
2025-01-29,,,,1213.69,0.043253651031056384,0.24508950094982868
2025-01-30,,,,1203.69,-0.008239336239072581,0.24524189229854076
2025-01-31,,,,1225.21,0.017878357384376375,0.2457389526182882
2025-02-01,,,,1247.78,0.01842133185331485,0.24633380708517827
2025-02-03,,,,1238.22,-0.007661607014056937,0.2452512652727886
2025-02-04,,,,1241.97,0.0030285409701023003,0.24490899039348288
2025-02-05,,,,1259.96,0.01448505197388017,0.2451423662821171
2025-02-06,,,,1250.26,-0.007698657100225437,0.24425384137997838
2025-02-07,,,,1250.12,-0.00011197670884466326,0.2442539754790508
2025-02-10,,,,1220.4,-0.023773717723098442,0.2453849769207382
2025-02-11,,,,1169.0,-0.04211733857751565,0.24916934226951815
2025-02-12,,,,1183.43,0.012343883661249055,0.24942267137217994
2025-02-13,,,,1191.22,0.006582560861225328,0.2491776249021226
2025-02-14,,,,1163.22,-0.023505313879887857,0.2503330410542037
2025-02-17,,,,1151.45,-0.01011846426299412,0.25052707476127617
2025-02-18,,,,1161.06,0.008345998523600517,0.25055042020969603
2025-02-19,,,,1184.3,0.020016192100322128,0.2512440336988032
2025-02-20,,,,1191.04,0.005691125559402099,0.25094153981511247
2025-02-21,,,,1183.96,-0.005944384739387409,0.2510119833884167
2025-02-24,,,,1157.87,-0.02203621743977846,0.25159754101643256
2025-02-25,,,,1152.06,-0.00501783447191817,0.25131798566312336
2025-02-27,,,,1147.5,-0.003958127180875959,0.25123811194277573
2025-02-28,,,,1116.56,-0.026962962962962966,0.25263930961053244
2025-03-03,,,,1109.35,-0.006457333237801843,0.2527409604132314
2025-03-04,,,,1105.09,-0.0038400865371613913,0.2524304086567629
2025-03-05,,,,1117.33,0.0110760209575691,0.25244638941366104
2025-03-06,,,,1126.19,0.00792961792845448,0.2525492297204832
2025-03-07,,,,1107.57,-0.016533622212948185,0.25313761441915095
2025-03-10,,,,1087.91,-0.01775057107,0.25380292712154556
2025-03-11,,,,1097.91,0.009191936833010006,0.25338662313516064
2025-03-12,,,,1077.61,-0.01848967583863903,0.2536551422309244
2025-03-13,,,,1056.46,-0.019626766640992388,0.2544277792474757
2025-03-17,,,,1065.75,0.008793517975124399,0.2544386091655089
2025-03-18,,,,1118.99,0.049955430448041405,0.25894768570890975
2025-03-19,,,,1148.39,0.026273693241226637,0.25682528066995836
2025-03-20,,,,1151.74,0.0029171274567001415,0.2548822342811091
2025-03-21,,,,1171.86,0.017469220483789627,0.2552697801442711
2025-03-24,,,,1186.93,0.012859897940027176,0.255541300625368
2025-03-25,,,,1156.15,-0.025932447574835926,0.2567650879704279
2025-03-26,,,,1141.04,-0.013069238420620244,0.2565273360861585
2025-03-27,,,,1164.96,0.020963331697398946,0.2560403988081952
2025-03-28,,,,1147.73,-0.014790207389094867,0.2564055765718664
2025-04-01,,,,1130.06,-0.015395606980735943,0.2567656613152939
2025-04-02,,,,1159.3,0.025874732315098292,0.2579587116387197
2025-04-03,,,,1158.82,-0.00041404295695679494,0.25780243372676465
2025-04-04,,,,1124.5,-0.02961633385685436,0.25851334383117197
2025-04-07,,,,1092.12,-0.02879502000889289,0.260171930571092
2025-04-08,,,,1131.39,0.03595758707834329,0.2625546039775078
2025-04-09,,,,1109.82,-0.01906504388407193,0.2631812718207265
2025-04-11,,,,1142.18,0.02915788145825471,0.26439902262331927
2025-04-15,,,,1175.58,0.02924232607820132,0.2647529682080703
2025-04-16,,,,1187.24,0.00991850831079133,0.26490917185278406
2025-04-17,,,,1199.35,0.010200128028031274,0.26506514886061505
2025-04-21,,,,1225.71,0.02197857172635187,0.2655253317994627
2025-04-22,,,,1234.65,0.007293731796265135,0.26475352762298515
2025-04-23,,,,1243.47,0.0071437249422912075,0.26475348853737457
2025-04-24,,,,1242.93,-0.00043426861926698646,0.2644878790677117
2025-04-25,,,,1201.58,-0.033268164739768236,0.2666872325466377
2025-04-28,,,,1204.18,0.002163817640107313,0.2662432865327295
2025-04-29,,,,1209.5,0.004417944161171805,0.2662689528897832
2025-04-30,,,,1208.02,-0.001223646134766443,0.2662014149032744
2025-05-02,,,,1201.35,-0.005521431764374807,0.26618591443501904
2025-05-05,,,,1234.74,0.02779373205144231,0.26754026590287855
2025-05-06,,,,1192.96,-0.0338370831106144,0.26967340103579934
2025-05-07,,,,1214.34,0.01792180793991416,0.2702281236501171
2025-05-08,,,,1187.53,-0.02207783652024964,0.27099883062657437
2025-05-09,,,,1187.34,-0.00015999595799687238,0.27096473007468885
2025-05-12,,,,1251.13,0.05372513349167063,0.2757388401437624
2025-05-13,,,,1241.4,-0.007776969619464058,0.2751601716225549
2025-05-14,,,,1253.79,0.009980666988883335,0.2752402218117806
2025-05-15,,,,1276.63,0.018216766763174075,0.27537138688828494
2025-05-16,,,,1290.84,0.011130867988375481,0.27536085935469434
2025-05-19,,,,1267.88,-0.017786867466145884,0.2759933328909639
2025-05-20,,,,1240.37,-0.021697637000347214,0.27689042027166166
2025-05-21,,,,1264.1,0.019131388214806977,0.27732653578057764
2025-05-22,,,,1262.99,-0.0008780950874138771,0.27704741272931616
2025-05-23,,,,1287.56,0.01945383573900017,0.2771061635049778
2025-05-26,,,,1273.75,-0.01072571375314546,0.2773183738411336
2025-05-27,,,,1264.87,-0.006971540726202208,0.27722622477910186
2025-05-28,,,,1255.87,-0.0071153557282566116,0.2773377042380676
2025-05-29,,,,1273.54,0.014069927619897005,0.277608547195275
2025-05-30,,,,1281.0,0.00585768801922204,0.2772316787568492
2025-06-02,,,,1287.26,0.004886807181889052,0.277199134823335
2025-06-03,,,,1281.48,-0.004490157388561733,0.276550954828203
2025-06-04,,,,1309.46,0.02183412928801065,0.27704856884062884
2025-06-05,,,,1346.04,0.027935179386922693,0.27815428640770395
2025-06-06,,,,1364.08,0.013402276306796246,0.2783715716700388
2025-06-09,,,,1364.15,5.1316638320475505e-05,0.2782816569865063
2025-06-10,,,,1359.26,-0.0035846497819155276,0.2723753754540143
2025-06-11,,,,1355.57,-0.0027147124170504577,0.269003140353944
2025-06-12,,,,1324.0,-0.02328909609979557,0.2692584208155529
2025-06-13,,,,1318.23,-0.004358006042296081,0.2689236595015385
2025-06-16,,,,1329.53,0.008572100468051902,0.26902616790439327
2025-06-17,,,,1321.94,-0.005708784307236314,0.26895283981333884
2025-06-18,,,,1318.92,-0.00228452123394407,0.2689726421626199
2025-06-19,,,,1307.95,-0.00831741121523677,0.2690887466716728
2025-06-20,,,,1326.94,0.014518903627814606,0.2693265360741787
2025-06-23,,,,1332.58,0.004250380574856383,0.2693186576381867
2025-06-24,,,,1334.53,0.0014633267796304583,0.26919741666727526
2025-06-25,,,,1343.15,0.006459202865428448,0.2692510467865165
2025-06-26,,,,1357.19,0.010453039496705507,0.2694080800706408
2025-06-27,,,,1354.32,-0.0021146633853772467,0.26940907153675747
2025-06-30,,,,1355.15,0.0006128536830292131,0.26933453661635576
2025-07-01,,,,1346.63,-0.006287126886322492,0.2694218348694084
2025-07-02,,,,1341.42,-0.003868917222993762,0.2694245509831286
2025-07-03,,,,1341.58,0.00011927658749666392,0.26941833597945153
2025-07-04,,,,1339.54,-0.0015205951191877842,0.26866890110835107
2025-07-07,,,,1332.05,-0.005591471699240014,0.26862191798149376
2025-07-08,,,,1344.67,0.009474118839382983,0.2687519085161901
2025-07-09,,,,1350.33,0.004209211181925632,0.2685770743683369
2025-07-10,,,,1350.35,1.4811194300579089e-05,0.268533334775276
2025-07-11,,,,1339.24,-0.008227496574962023,0.2685614535347998
2025-07-14,,,,1362.84,0.017621934828708774,0.26906766215612815
2025-07-15,,,,1361.91,-0.0006823985207360383,0.2689079182678104
2025-07-16,,,,1353.22,-0.006380744689443496,0.2688373373126318
2025-07-17,,,,1348.24,-0.00368011114231237,0.26857986498554476
2025-07-18,,,,1334.57,-0.010139144365988284,0.2687600159186679
2025-07-21,,,,1364.02,0.022067032827052913,0.2690566983845111
2025-07-22,,,,1415.1,0.037448131259072426,0.2714853700653631
2025-07-23,,,,1423.08,0.005639177443290233,0.2709804512816602
2025-07-24,,,,1427.41,0.0030426961239002903,0.2707484722181815
2025-07-25,,,,1405.53,-0.015328462039638335,0.2712037434774567
2025-07-28,,,,1396.1,-0.006709212894779992,0.27077237657928815
2025-07-29,,,,1402.43,0.0045340591648164175,0.27068019217229444
2025-07-30,,,,1398.78,-0.002602625442981177,0.2698245848139773
2025-07-31,,,,1399.92,0.0008149959250205452,0.2698224229565884
2025-08-01,,,,1385.36,-0.010400594319675549,0.27001970675918524
2025-08-04,,,,1394.24,0.006409886238956108,0.2700659749540076
2025-08-05,,,,1373.85,-0.014624454900160733,0.27048881378848666
2025-08-06,,,,1363.81,-0.007307930268952156,0.2666789900893276
2025-08-07,,,,1381.33,0.012846364229621487,0.2646301755618142
2025-08-08,,,,1366.5,-0.010736029768411592,0.2638834020111625
2025-08-11,,,,1397.47,0.02266373948042455,0.261612462365359
2025-08-12,,,,1391.58,-0.004214759529721612,0.26152140178809025
2025-08-13,,,,1418.11,0.019064660314175308,0.2619548244462048
2025-08-14,,,,1426.42,0.0058599121365763285,0.2618421387134158
2025-08-18,,,,1434.91,0.0059519636572678,0.26165666174839297
2025-08-19,,,,1465.87,0.021576266107281805,0.261804857509326
2025-08-20,,,,1478.18,0.008397743319666917,0.260201374960174
2025-08-21,,,,1470.89,-0.004931740383444461,0.2602638261545594
2025-08-22,,,,1460.4,-0.0071317365676563105,0.2600760308125797
2025-08-25,,,,1463.96,0.002437688304574026,0.2599428912670254
2025-08-26,,,,1447.11,-0.011509877319052508,0.2602111350969133
2025-08-28,,,,1427.64,-0.013454402222360273,0.26053219091536034
2025-08-29,,,,1409.75,-0.012531170323050733,0.2605799394480154
2025-09-01,,,,1440.69,0.021947153750665027,0.2614493613556542
2025-09-02,,,,1442.29,0.0011105789586933756,0.26131110993227313
2025-09-03,,,,1458.69,0.011370806148555568,0.2614656982664913
2025-09-04,,,,1448.34,-0.007095407523188713,0.26139895252392004
2025-09-05,,,,1460.88,0.008658187994531774,0.26129103689863903
2025-09-08,,,,1462.4,0.0010404687585565675,0.26127794194250603
2025-09-09,,,,1455.88,-0.004458424507658654,0.2613235576284034
2025-09-10,,,,1457.77,0.00129818391625669,0.26084185075620986
2025-09-11,,,,1452.16,-0.003848343703053203,0.2608232630892238
2025-09-12,,,,1441.06,-0.007643785808726378,0.2608913647856163
2025-09-15,,,,1448.29,0.005017140160715083,0.26075199632469603
2025-09-16,,,,1455.13,0.004722811039225672,0.26065099438844214
2025-09-17,,,,1455.72,0.0004054620549365229,0.2601990882404249
2025-09-18,,,,1468.88,0.00904020003846906,0.26018275952729475
2025-09-19,,,,1466.69,-0.0014909318664561022,0.2599666240217455
2025-09-22,,,,1471.72,0.003429490894462983,0.2598340800356113
2025-09-23,,,,1461.06,-0.0072432256135678275,0.259942363999276
2025-09-24,,,,1443.7,-0.011881784457859257,0.2601678306972015
2025-09-25,,,,1429.96,-0.009517212717323531,0.2592840913478527
2025-09-26,,,,1391.37,-0.02698676886066753,0.2606132505877698
2025-09-29,,,,1394.06,0.001933346270222902,0.26024157960879485
2025-09-30,,,,1396.63,0.0018435361462205702,0.25934456157572516
2025-10-01,,,,1412.62,0.011448987920923859,0.2595613728722673
2025-10-03,,,,1418.85,0.0044102447933627165,0.25954267526479213
2025-10-06,,,,1455.32,0.02570391514254511,0.2606810455179105
2025-10-07,,,,1467.39,0.008293708600170424,0.2598971624203595
2025-10-08,,,,1460.8,-0.004490966954933673,0.25958224954661074
2025-10-09,,,,1474.33,0.009262048192770989,0.2597218522507825
2025-10-10,,,,1476.1,0.001200545332456171,0.2581219058687545
2025-10-13,,,,1475.83,-0.00018291443669127272,0.2559706329255719
2025-10-14,,,,1468.5,-0.004966696706260154,0.2558935232129363
2025-10-15,,,,1485.37,0.011487912836227299,0.2558166325013056
2025-10-16,,,,1487.8,0.0016359560244250115,0.2557260536022903
2025-10-17,,,,1470.3,-0.011762333646995526,0.25602016211627215
2025-10-20,,,,1463.15,-0.004862953138815129,0.2555677379532541
2025-10-21,,,,1467.73,0.0031302327170830146,0.2555670405887873
2025-10-23,,,,1463.88,-0.002623098253765943,0.2549260136977178
2025-10-24,,,,1464.14,0.00017761018662731942,0.2549246260929141
2025-10-27,,,,1487.65,0.016057207644077698,0.2550293706930366
2025-10-28,,,,1501.88,0.009565421974254695,0.2525799636581042
2025-10-29,,,,1484.24,-0.01174527925000668,0.2520578506381261
2025-10-30,,,,1493.58,0.006292782838354993,0.25186230487855976
2025-10-31,,,,1463.46,-0.020166311814566296,0.2522334385437897
2025-11-03,,,,1466.43,0.002029437087450292,0.2520034392585701
2025-11-04,,,,1456.72,-0.006621523018487063,0.25192715682054817
2025-11-06,,,,1437.92,-0.01290570596957541,0.2522872094998381
2025-11-07,,,,1450.52,0.008762657171469845,0.2522981990594032
2025-11-10,1451.2,1462.6,1447.1,1448.35,-0.0014960152221272782,0.25201042015563685
2025-11-11,1451.2,1456.2,1437.95,1454.8,0.004453343459799086,0.25192925134970146
2025-11-12,1460.2,1466.55,1457.8,1461.3,0.004467968105581477,0.25178489100210516
2025-11-13,1463.65,1464.2,1437.85,1439.1,-0.015191952371176431,0.25050142587523155
2025-11-14,1436.15,1446.65,1431.15,1442.65,0.0024668195399903947,0.25046697096623327
2025-11-17,1447.05,1474.5,1439.55,1472.75,0.02086438152011927,0.2508620615893819
2025-11-18,1473.9,1473.9,1454.8,1457.15,-0.010592429129180014,0.2510597085961572
2025-11-19,1457.15,1470.35,1451.8,1466.8,0.0066225165562912025,0.2509043438193814
2025-11-20,1472.5,1474.2,1463.3,1464.65,-0.0014657758385600017,0.2493351999232786
2025-11-21,1462.05,1462.6,1439.1,1441.85,-0.015566858976547415,0.24866608489744624
2025-11-24,1437.6,1446.45,1434.35,1441.4,-0.0003120990394284151,0.24860690572529304
2025-11-25,1444.3,1444.3,1426.95,1432.7,-0.00603579852920777,0.24859385718074417
2025-11-26,1433.05,1452.0,1431.55,1448.25,0.010853633000628138,0.24874031948107492
2025-11-27,1455.45,1456.6,1435.9,1441.5,-0.0046607975142413105,0.24803238220200416
2025-11-28,1443.65,1446.8,1438.85,1441.45,-3.4686090877533715e-05,0.2470863027496537
2025-12-01,1446.75,1461.4,1443.65,1460.05,0.012903673384439207,0.24705281285788253
2025-12-02,1459.55,1466.1,1454.25,1463.8,0.0025684051916030626,0.24688869809111644
2025-12-03,1458.55,1460.5,1441.6,1448.35,-0.010554720590244648,0.2471177180080942
2025-12-04,1445.8,1452.1,1441.4,1443.25,-0.003521248317050363,0.24712379760566855
2025-12-05,1441.6,1450.95,1433.9,1439.45,-0.0026329464749696996,0.24681838846579718
2025-12-08,1437.65,1446.5,1408.65,1414.75,-0.01715933168918682,0.24742170274464126
2025-12-09,1408.25,1434.6,1393.1,1433.2,0.013041173352182467,0.24734652405500998
2025-12-10,1429.0,1436.65,1401.85,1404.4,-0.020094892548144005,0.24756419231777566
2025-12-11,1404.55,1422.55,1398.6,1420.5,0.011463970378809307,0.24737424216391218
2025-12-12,1422.2,1443.0,1421.45,1438.95,0.012988384371700246,0.2476899020964793
2025-12-15,1431.35,1439.1,1423.55,1437.3,-0.00114666944647146,0.24760386185618932
2025-12-16,1433.75,1434.9,1395.15,1398.9,-0.026716760592778055,0.24904186196912476
2025-12-17,1398.25,1411.1,1383.9,1386.65,-0.008756880406033285,0.24906351619918218
2025-12-18,1389.45,1402.75,1382.5,1400.65,0.01009627519561529,0.24927005441694128
2025-12-19,1406.95,1424.75,1400.85,1420.95,0.01449327098133013,0.24950310232727393
2025-12-22,1424.95,1430.25,1423.1,1428.2,0.005102220345543529,0.24953908966944693
2025-12-23,1429.9,1437.15,1421.0,1434.9,0.0046912197171264935,0.24948007983689993
2025-12-24,1434.45,1443.3,1429.55,1431.35,-0.002474040002787725,0.24923079661682626
2025-12-26,1426.2,1432.65,1419.75,1422.45,-0.006217906172494403,0.24793287931880384
2025-12-29,1421.65,1433.2,1415.15,1418.15,-0.0030229533551267007,0.24794313197092108
2025-12-30,1416.35,1416.85,1397.7,1403.25,-0.010506645982441998,0.24817071829947532
2025-12-31,1405.85,1408.65,1397.95,1402.4,-0.0006057366827008082,0.24815354261848124
2026-01-01,1406.1,1413.9,1403.2,1407.35,0.003529663434112873,0.24817733522736105
2026-01-02,1409.25,1418.3,1405.5,1417.0,0.006856858635023277,0.247686056184571
2026-01-05,1416.7,1421.25,1403.6,1407.55,-0.006669019054340142,0.24774903830432732
2026-01-06,1408.55,1410.8,1381.8,1391.0,-0.011758019253312435,0.2480207655774455
2026-01-07,1389.9,1403.75,1385.8,1389.3,-0.001222142343637711,0.24734894283502193
2026-01-08,1390.65,1392.85,1365.95,1368.9,-0.014683653638522864,0.24771121651365854
2026-01-09,1367.2,1378.2,1352.15,1357.05,-0.008656585579662646,0.24629145093840157
2026-01-12,1357.35,1358.9,1328.25,1349.7,-0.005416160053056229,0.24592085047193635
2026-01-13,1358.85,1371.9,1351.6,1365.85,0.011965621990071673,0.2447384707996752
2026-01-14,1362.15,1374.85,1357.9,1373.25,0.005417871655013506,0.24386033593383136
2026-01-16,1369.2,1380.95,1360.6,1367.0,-0.00455124704168941,0.243078296494415
2026-01-19,1365.55,1370.6,1346.2,1355.9,-0.008119970738844073,0.23442584919547169
2026-01-20,1353.15,1355.1,1316.1,1321.4,-0.02544435430341474,0.2347537495580105
2026-01-21,1317.05,1339.15,1293.6,1333.0,0.008778568185257907,0.23416107163869623
2026-01-22,1362.0,1369.9,1322.15,1327.5,-0.004126031507876937,0.2339126444971236
2026-01-23,1331.5,1332.25,1269.6,1274.15,-0.04018832391713745,0.23738023205122952
2026-01-27,1279.95,1282.4,1245.9,1263.3,-0.008515480908841244,0.23753551994450417
2026-01-28,1269.75,1298.7,1265.4,1296.0,0.025884587983851848,0.23323657574871492
2026-01-29,1298.8,1299.4,1282.7,1297.0,0.0007716049382715529,0.23255658047133437
2026-01-30,1279.8,1287.75,1262.25,1286.0,-0.008481110254433322,0.23130913588835184
2026-02-01,1284.75,1295.1,1230.75,1273.8,-0.009486780715396659,0.23071330377891502
2026-02-02,1271.4,1279.5,1249.35,1268.65,-0.004043020882399051,0.22843134482071162
2026-02-03,1326.05,1338.25,1285.2,1289.95,0.016789500650297606,0.22898809090628916
2026-02-04,1287.7,1301.7,1267.15,1298.75,0.006821969843792353,0.22502488438843984
2026-02-05,1296.6,1301.85,1277.7,1300.15,0.0010779595765160188,0.22485987672021032
2026-02-06,1298.3,1299.8,1281.85,1290.0,-0.007806791524054946,0.2243223983262253
2026-02-09,1297.65,1315.95,1294.0,1314.55,0.019031007751938,0.2243726583395995
2026-02-10,1320.75,1345.6,1313.35,1342.4,0.021185957171655723,0.22519710950279287
2026-02-11,1344.85,1346.25,1330.1,1332.0,-0.007747318235995282,0.22532960033320026
2026-02-12,1323.85,1325.6,1304.45,1319.6,-0.0093093093093094,0.22509016815465122
2026-02-13,1313.2,1317.75,1282.95,1290.45,-0.022090027280994184,0.22606051848582076
2026-02-16,1281.7,1293.05,1274.9,1286.2,-0.0032934247743034994,0.22608768428745746
2026-02-17,1281.95,1282.15,1271.25,1280.6,-0.004353910744829825,0.22484971604082093
2026-02-18,1284.7,1288.85,1271.8,1281.05,0.000351397782289542,0.2207817881209735
2026-02-19,1281.05,1283.3,1247.95,1252.4,-0.022364466648452375,0.2216325644773784
2026-02-20,1249.4,1260.4,1248.95,1252.95,0.0004391568189077155,0.22154345220708718
2026-02-23,1256.6,1265.45,1244.0,1249.35,-0.002873219202681798,0.22027500886830118
2026-02-24,1236.75,1240.4,1201.75,1208.2,-0.03293712730619913,0.2225370972623326
2026-02-25,1214.6,1221.15,1203.2,1207.65,-0.0004552226452573249,0.22239115323761008
2026-02-26,1211.1,1216.85,1198.75,1203.8,-0.0031880097710430544,0.22152980859068455
2026-02-27,1203.65,1204.5,1178.45,1182.45,-0.0177355042365841,0.22218044749225502
2026-03-02,1141.95,1174.95,1141.9,1157.2,-0.021353968455325778,0.22313148355049692
2026-03-04,1136.3,1157.3,1132.4,1151.25,-0.005141721396474286,0.2220929609654995
2026-03-05,1159.35,1162.25,1138.25,1158.15,0.0059934853420196,0.22211244888466458
2026-03-06,1156.3,1164.0,1134.25,1135.9,-0.01921167379009625,0.22291581721608328
2026-03-09,1112.1,1128.85,1090.0,1126.75,-0.008055286556915342,0.2214116028370571
2026-03-10,1138.9,1142.7,1124.9,1133.45,0.005946305746616476,0.22138838532891564
2026-03-11,1132.55,1139.55,1110.4,1114.15,-0.017027658917464383,0.2220207910973507
2026-03-12,1102.8,1111.1,1083.6,1102.8,-0.01018713817708583,0.22198645365316874
2026-03-13,1098.65,1103.2,1079.7,1084.7,-0.0164127675009067,0.22245259114968494
2026-03-16,1080.5,1103.25,1068.1,1097.95,0.012215359085461452,0.22217153538480736
2026-03-17,1103.0,1126.9,1095.1,1122.0,0.021904458308666053,0.22251812537075913
2026-03-18,1124.95,1160.3,1122.65,1157.7,0.03181818181818197,0.22457489279619935
2026-03-19,1135.8,1135.8,1109.15,1114.7,-0.037142610348103955,0.2269051330153932
2026-03-20,1123.25,1141.95,1122.7,1124.5,0.00879160312191618,0.22618603623530756
2026-03-23,1107.65,1107.9,1080.7,1086.0,-0.034237438861716374,0.2286527951797701
2026-03-24,1109.05,1125.25,1091.5,1116.75,0.028314917127071793,0.2249164333607663
2026-03-25,1131.15,1146.45,1130.05,1135.95,0.01719274680993954,0.22403673928192616
2026-03-27,1126.15,1127.35,1104.8,1108.55,-0.024120779963906935,0.22531792755733743
2026-03-30,1088.55,1094.85,1073.4,1075.85,-0.029497992873573575,0.22654302097851947
2026-04-01,1106.75,1119.65,1101.9,1108.65,0.030487521494632297,0.22824564679846948
2026-04-02,1092.05,1114.35,1072.2,1111.55,0.002615793983673731,0.22679097833822562
2026-04-06,1112.7,1126.8,1095.2,1125.3,0.012370113805046934,0.2267520669457761
2026-04-07,1117.9,1126.95,1103.75,1124.25,-0.0009330845107970998,0.22577929883108858
2026-04-08,1166.5,1179.45,1157.45,1176.6,0.04656437625083387,0.23005116901182562
2026-04-09,1175.5,1180.95,1157.55,1166.65,-0.008456569777324341,0.22968315084923804
2026-04-10,1174.9,1183.55,1167.9,1180.35,0.011743024900355614,0.22853090424343572
2026-04-13,1154.2,1171.35,1146.8,1161.3,-0.016139280721819804,0.22911184830854142
2026-04-15,1181.45,1201.2,1181.0,1199.1,0.032549728752260254,0.22944703331240188
2026-04-16,1209.85,1219.95,1199.8,1217.6,0.01542823784505054,0.22806318687103164
2026-04-17,1223.3,1239.8,1220.35,1237.45,0.016302562417871425,0.22583422005426515
2026-04-20,1239.9,1247.8,1225.3,1237.85,0.00032324538365169353,0.22498225948915154
2026-04-21,1239.9,1254.0,1235.95,1253.5,0.012642888879912828,0.22347375914667153
2026-04-22,1247.4,1261.7,1246.65,1257.75,0.003390506581571584,0.22161938849688667
2026-04-23,1251.05,1255.25,1243.0,1248.7,-0.007195388590737428,0.2215394812474613
2026-04-24,1252.3,1257.35,1228.05,1237.05,-0.009329702891006764,0.22152382930211303
2026-04-27,1235.5,1248.3,1230.8,1237.4,0.0002829311668890444,0.22044409174284615
2026-04-28,1237.6,1244.3,1223.65,1233.7,-0.0029901406174236422,0.2203485867399474
2026-04-29,1249.4,1254.25,1222.4,1225.05,-0.007011429034611383,0.2203484891699387
2026-04-30,1217.3,1219.9,1199.4,1210.0,-0.012285212848455074,0.22069233175817315
2026-05-04,1215.4,1232.45,1212.55,1228.25,0.015082644628099162,0.21866417376313835
2026-05-05,1224.05,1231.2,1215.95,1221.35,-0.005617748829635727,0.21873179458831646
2026-05-06,1234.75,1245.9,1225.9,1242.9,0.01764440987431959,0.21938977464957585
2026-05-07,1255.8,1260.6,1244.4,1256.05,0.010580094939254936,0.21963011608339644
2026-05-08,1254.55,1259.45,1246.65,1248.7,-0.005851677879065265,0.21963907671085933
2026-05-11,1241.55,1241.75,1218.3,1220.8,-0.022343236966445135,0.21904786970446508
2026-05-12,1215.15,1218.15,1182.35,1184.0,-0.03014416775884665,0.21850475652326606
2026-05-13,1182.1,1199.55,1176.9,1183.8,-0.00016891891891890332,0.217768031519883
2026-05-14,1190.7,1205.65,1180.35,1204.15,0.01719040378442327,0.21731240882342298
2026-05-15,1205.3,1212.65,1194.85,1197.65,-0.005397998588215769,0.21738298435070547
2026-05-18,1190.65,1197.5,1171.7,1195.7,-0.0016281885358827575,0.2106231125833292
2026-05-19,1199.5,1226.4,1199.0,1218.95,0.01944467675838424,0.211383682933953
2026-05-20,1206.4,1223.3,1203.45,1220.65,0.0013946429303910435,0.2111515641660241
2026-05-21,1229.05,1234.1,1215.5,1217.65,-0.0024577069594068357,0.21036971048579392
2026-05-22,1224.85,1225.95,1208.65,1215.6,-0.0016835708126310411,0.21007293185557485
2026-05-25,1224.1,1227.0,1217.5,1218.85,0.002673576834484992,0.20934354747563333
2026-05-26,1220.8,1237.1,1219.3,1227.5,0.007096853591500363,0.20833473938889957
2026-05-27,1230.95,1242.25,1229.85,1238.15,0.008676171079429862,0.20763421327958678
2026-05-29,1240.85,1241.95,1208.65,1212.1,-0.021039454024149085,0.2086962155777223
2026-06-01,1216.7,1219.45,1198.75,1200.4,-0.00965266892170602,0.2079899308149764
2026-06-02,1191.4,1206.95,1182.7,1204.05,0.003040653115627956,0.20774543327332473
2026-06-03,1202.9,1205.45,1174.85,1188.9,-0.012582533947925634,0.20800634448815716
2026-06-04,1182.8,1206.45,1179.9,1194.7,0.004878459079821651,0.20794949126767362
2026-06-05,1193.75,1208.15,1187.0,1192.8,-0.0015903574119026098,0.20746628060769232
2026-06-08,1178.8,1185.6,1166.3,1170.85,-0.018402079141515815,0.20817524334470086
2026-06-09,1179.2,1187.05,1172.95,1185.65,0.012640389460648382,0.2085122380575301
2026-06-10,1188.8,1196.25,1170.6,1173.8,-0.009994517775060219,0.208697443098125
2026-06-11,1166.75,1169.5,1155.75,1158.75,-0.012821605043448536,0.2078894238281996
2026-06-12,1174.45,1200.0,1172.35,1197.85,0.033743257820927575,0.20876350305218064
2026-06-15,1218.8,1235.6,1216.25,1226.85,0.024210042993697112,0.20975708290173006
2026-06-16,1232.05,1235.0,1222.7,1231.25,0.0035864205078046663,0.2097933848680187
2026-06-17,1236.75,1256.15,1236.3,1249.4,0.014741116751269212,0.2103068180595047
2026-06-18,1252.8,1254.95,1241.6,1252.95,0.0028413638546502806,0.2103147573981655
2026-06-19,1249.15,1260.45,1240.65,1258.5,0.004429546270800833,0.20908590175467312
2026-06-22,1263.55,1273.65,1261.5,1263.5,0.003972983710766709,0.20908213919468296
2026-06-23,1266.15,1271.4,1249.1,1251.2,-0.009734863474475608,0.20912284799160097
2026-06-24,1251.6,1254.05,1241.25,1249.0,-0.0017583120204603953,0.20905480964477238
2026-06-25,1251.4,1256.0,1242.0,1244.4,-0.003682946357085548,0.20907389585226413
2026-06-29,1250.5,1255.8,1242.6,1248.9,0.0036162005785920215,0.2089460740899281
2026-06-30,1252.85,1265.2,1245.1,1258.35,0.007566658659620362,0.2085731477697073
2026-07-01,1262.9,1297.1,1261.95,1295.6,0.029602256923749293,0.21063758289447224
2026-07-02,1300.65,1314.75,1299.45,1305.9,0.007949984563137003,0.21078339944841917
2026-07-03,1306.15,1310.1,1295.6,1298.8,-0.005436863465809072,0.2107531901612198
2026-07-06,1301.05,1302.6,1290.0,1297.35,-0.0011164151524484245,0.2104919615714381
2026-07-07,1300.2,1330.35,1297.3,1329.1,0.024472964119165885,0.21190977902844943
2026-07-08,1324.4,1343.15,1306.5,1313.45,-0.011774885260702583,0.2122364621518651
2026-07-09,1315.15,1349.45,1315.15,1344.0,0.02325935513342725,0.2134159974739535
